province,district,subdistrict
Bangkok,Bang Bon,Bang Bon
Bangkok,Bang Kapi,Hua Mak
Bangkok,Bang Kapi,Khlong Chan
Bangkok,Bang Khae,Bang Khae
Bangkok,Bang Khae,Bang Khae Nuea
Bangkok,Bang Khae,Bang Phai
Bangkok,Bang Khae,Lak Song
Bangkok,Bang Khen,Anusawari
Bangkok,Bang Khen,Tha Raeng
Bangkok,Bang Kho Laem,Bang Khlo
Bangkok,Bang Kho Laem,Bang Kho Laem
Bangkok,Bang Kho Laem,Wat Phraya Krai
Bangkok,Bang Khun Thian,Samae Dam
Bangkok,Bang Khun Thian,Tha Kham
Bangkok,Bang Na,Bang Na
Bangkok,Bang Phlat,Bang Bamru
Bangkok,Bang Phlat,Bang O
Bangkok,Bang Phlat,Bang Phlat
Bangkok,Bang Phlat,Bang Yi Khan
Bangkok,Bang Rak,Bang Rak
Bangkok,Bang Rak,Maha Phruettharam
Bangkok,Bang Rak,Silom
Bangkok,Bang Rak,Si Phraya
Bangkok,Bang Rak,Suriyawong
Bangkok,Bang Sue,Bang Sue
Bangkok,Bang Sue,Wong Sawang
Bangkok,Bangkok Noi,Arun Amarin
Bangkok,Bangkok Noi,Ban Chang Lo
Bangkok,Bangkok Noi,Bang Khun Non
Bangkok,Bangkok Noi,Bang Khun Sri
Bangkok,Bangkok Noi,Sirirat
Bangkok,Bangkok Yai,Wat Arun
Bangkok,Bangkok Yai,Wat Tha Phra
Bangkok,Bueng Kum,Khlong Kum
Bangkok,Bueng Kum,Nawamin
Bangkok,Bueng Kum,Nuan Chan
Bangkok,Chatuchak,Chan Kasem
Bangkok,Chatuchak,Chatuchak
Bangkok,Chatuchak,Chom Phon
Bangkok,Chatuchak,Lat Yao
Bangkok,Chatuchak,Sena Nikhom
Bangkok,Chom Thong,Bang Kho
Bangkok,Chom Thong,Bang Khun Thian
Bangkok,Chom Thong,Bang Mot
Bangkok,Chom Thong,Chom Thong
Bangkok,Din Daeng,Din Daeng
Bangkok,Don Mueang,Don Mueang
Bangkok,Don Mueang,Sanam Bin
Bangkok,Don Mueang,Si Kan
Bangkok,Dusit,Dusit
Bangkok,Dusit,Si Yaek Mahanak
Bangkok,Dusit,Suan Chitlada
Bangkok,Dusit,Thanon Nakhon Chai Si
Bangkok,Dusit,Wachira Phayaban
Bangkok,Huai Khwang,Bang Kapi
Bangkok,Huai Khwang,Huai Khwang
Bangkok,Huai Khwang,Sam Sen Nok
Bangkok,Khan Na Yao,Khan Na Yao
Bangkok,Khan Na Yao,Ram Inthra
Bangkok,Khlong Sam Wa,Bang Chan
Bangkok,Khlong Sam Wa,Sai Kong Din
Bangkok,Khlong Sam Wa,Sai Kong Din Tai
Bangkok,Khlong Sam Wa,Sam Wa Tawan Ook
Bangkok,Khlong Sam Wa,Sam Wa Tawan Tok
Bangkok,Khlong San,Bang Lamphu Lang
Bangkok,Khlong San,Khlong San
Bangkok,Khlong San,Khlong Ton Sai
Bangkok,Khlong San,Somdet Chao Phraya
Bangkok,Khlong Toei,Khlong Tan
Bangkok,Khlong Toei,Khlong Toei
Bangkok,Khlong Toei,Phra Khanong
Bangkok,Lak Si,Talat Bang Khen
Bangkok,Lak Si,Thung Song Hong
Bangkok,Lat Krabang,Khlong Sam Prawet
Bangkok,Lat Krabang,Khlong Song Ton Nun
Bangkok,Lat Krabang,Khum Thong
Bangkok,Lat Krabang,Lam Pla Thio
Bangkok,Lat Krabang,Lat Krabang
Bangkok,Lat Krabang,Thap Yao
Bangkok,Lat Phrao,Chorakhe Bua
Bangkok,Lat Phrao,Lat Phrao
Bangkok,Min Buri,Min Buri
Bangkok,Min Buri,Saen Saep
Bangkok,Nong Chok,Khlong Sip
Bangkok,Nong Chok,Khlong Sip Song
Bangkok,Nong Chok,Khok Faet
Bangkok,Nong Chok,Khu Fang Nuea
Bangkok,Nong Chok,Krathum Rai
Bangkok,Nong Chok,Lam Phak Chi
Bangkok,Nong Chok,Lam Toiting
Bangkok,Nong Chok,Nong Chok
Bangkok,Nong Khaem,Nong Khaem
Bangkok,Nong Khaem,Nong Khang Phlu
Bangkok,Pathum Wan,Lumphini
Bangkok,Pathum Wan,Pathum Wan
Bangkok,Pathum Wan,Rong Muang
Bangkok,Pathum Wan,Wang Mai
Bangkok,Phasi Charoen,Bang Chak
Bangkok,Phasi Charoen,Bang Duan
Bangkok,Phasi Charoen,Bang Wa
Bangkok,Phasi Charoen,Bang Waek
Bangkok,Phasi Charoen,Khlong Khwang
Bangkok,Phasi Charoen,Khuha Sawan
Bangkok,Phasi Charoen,Pak Khlong Phasi Charoen
Bangkok,Phaya Thai,Sam Sen Nai
Bangkok,Phra Khanong,Bang Chak
Bangkok,Phra Nakhon,Ban Phan Thom
Bangkok,Phra Nakhon,Bang Khun Phrom
Bangkok,Phra Nakhon,Bowon Niwet
Bangkok,Phra Nakhon,Chana Songkhram
Bangkok,Phra Nakhon,Phra Borom Maha Ratchawang
Bangkok,Phra Nakhon,Samran Rat
Bangkok,Phra Nakhon,San Chao Pho Suea
Bangkok,Phra Nakhon,Sao Chingcha
Bangkok,Phra Nakhon,Talat Yot
Bangkok,Phra Nakhon,Wang Burapha Phirom
Bangkok,Phra Nakhon,Wat Ratchabophit
Bangkok,Phra Nakhon,Wat Sam Phraya
Bangkok,Pom Prap Sattru Phai,Ban Bat
Bangkok,Pom Prap Sattru Phai,Khlong Maha Nak
Bangkok,Pom Prap Sattru Phai,Pom Prap
Bangkok,Pom Prap Sattru Phai,Wat Sommanat
Bangkok,Pom Prap Sattru Phai,Wat Thep Sirin
Bangkok,Prawet,Dok Mai
Bangkok,Prawet,Nong Bon
Bangkok,Prawet,Prawet
Bangkok,Rat Burana,Bang Pakok
Bangkok,Rat Burana,Rat Burana
Bangkok,Ratchathewi,Makkasan
Bangkok,Ratchathewi,Thanon Phaya Thai
Bangkok,Ratchathewi,Thanon Phetchaburi
Bangkok,Ratchathewi,Thung Phaya Thai
Bangkok,Sai Mai,Khlong Thanon
Bangkok,Sai Mai,O Ngoen
Bangkok,Sai Mai,Sai Mai
Bangkok,Samphanthawong,Chakkrawat
Bangkok,Samphanthawong,Samphanthawong
Bangkok,Samphanthawong,Talat Noi
Bangkok,Saphan Sung,Saphan Sung
Bangkok,Sathon,Thung Maha Mek
Bangkok,Sathon,Thung Wat Don
Bangkok,Sathon,Yan Nawa
Bangkok,Suan Luang,Suan Luang
Bangkok,Taling Chan,Bang Chueak Nang
Bangkok,Taling Chan,Bang Phrom
Bangkok,Taling Chan,Bang Ramat
Bangkok,Taling Chan,Chimphli
Bangkok,Taling Chan,Khlong Chak Phra
Bangkok,Taling Chan,Taling Chan
Bangkok,Thawi Watthana,Sala Thammasop
Bangkok,Thawi Watthana,Thawi Watthana
Bangkok,Thon Buri,Bang Yi Ruea
Bangkok,Thon Buri,Bukkhalo
Bangkok,Thon Buri,Dao Khanong
Bangkok,Thon Buri,Hiran Ruchi
Bangkok,Thon Buri,Samre
Bangkok,Thon Buri,Talat Phlu
Bangkok,Thon Buri,Wat Kanlaya
Bangkok,Thung Khru,Bang Mot
Bangkok,Thung Khru,Thung Khru
Bangkok,Wang Thonglang,Khlong Chao Khun Sing
Bangkok,Wang Thonglang,Phlapphla
Bangkok,Wang Thonglang,Saphan Song
Bangkok,Wang Thonglang,Wang Thonglang
Bangkok,Watthana,Khlong Tan Nuea
Bangkok,Watthana,Khlong Toei Nuea
Bangkok,Watthana,Phra Khanong Nuea
Bangkok,Yan Nawa,Bang Phongphang
Bangkok,Yan Nawa,Chong Nonsi
Samut Prakan,Bang Bo,Ban Rakat
Samut Prakan,Bang Bo,Bang Bo
Samut Prakan,Bang Bo,Bang Plee Noi
Samut Prakan,Bang Bo,Bang Phriang
Samut Prakan,Bang Bo,Khlong Dan
Samut Prakan,Bang Bo,Khlong Niyom Yattra
Samut Prakan,Bang Bo,Khlong Suan
Samut Prakan,Bang Bo,Preng
Samut Prakan,Bang Plee,Bang Chalong
Samut Prakan,Bang Plee,Bang Kaeo
Samut Prakan,Bang Plee,Bang Plee Yai
Samut Prakan,Bang Plee,Bang Pla
Samut Prakan,Bang Plee,Nong Pru
Samut Prakan,Bang Plee,Racha Thewa
Samut Prakan,Bang Sao Thong,Bang Sao Thong
Samut Prakan,Bang Sao Thong,Srisa Chorakhe Noi
Samut Prakan,Bang Sao Thong,Srisa Chorakhe Yai
Samut Prakan,Muang Samut Prakan,Bang Duan
Samut Prakan,Muang Samut Prakan,Bang Muang
Samut Prakan,Muang Samut Prakan,Bang Muang Mai
Samut Prakan,Muang Samut Prakan,Bang Prong
Samut Prakan,Muang Samut Prakan,Bang Pu
Samut Prakan,Muang Samut Prakan,Bang Pu Mai
Samut Prakan,Muang Samut Prakan,Pak Nam
Samut Prakan,Muang Samut Prakan,Phraek Sa
Samut Prakan,Muang Samut Prakan,Phraek Sa Mai
Samut Prakan,Muang Samut Prakan,Samrong Nuea
Samut Prakan,Muang Samut Prakan,Thai Ban
Samut Prakan,Muang Samut Prakan,Thai Ban Mai
Samut Prakan,Muang Samut Prakan,Thepharak
Samut Prakan,Phra Pra Daeng,Bang Chak
Samut Prakan,Phra Pra Daeng,Bang Hua Sua
Samut Prakan,Phra Pra Daeng,Bang Kachao
Samut Prakan,Phra Pra Daeng,Bang Khru
Samut Prakan,Phra Pra Daeng,Bang Ko Bua
Samut Prakan,Phra Pra Daeng,Bang Krasop
Samut Prakan,Phra Pra Daeng,Bang Nam Phueng
Samut Prakan,Phra Pra Daeng,Bang Phueng
Samut Prakan,Phra Pra Daeng,Bang Ya Phraek
Samut Prakan,Phra Pra Daeng,Bang Yo
Samut Prakan,Phra Pra Daeng,Samrong
Samut Prakan,Phra Pra Daeng,Samrong Klang
Samut Prakan,Phra Pra Daeng,Samrong Tai
Samut Prakan,Phra Pra Daeng,Song Khanong
Samut Prakan,Phra Pra Daeng,Talat
Samut Prakan,Phra Samut Jadee,Ban Khlong Suan
Samut Prakan,Phra Samut Jadee,Laem Fa Pha
Samut Prakan,Phra Samut Jadee,Na Kluea
Samut Prakan,Phra Samut Jadee,Nai Khlong Bang Pla Kot
Samut Prakan,Phra Samut Jadee,Pak Khlong Bang Pla Kot
Nonthaburi,Bang Bua Thong,Bang Bua Thong
Nonthaburi,Bang Bua Thong,Bang Khu Rat
Nonthaburi,Bang Bua Thong,Bang Rak Phatthana
Nonthaburi,Bang Bua Thong,Bang Rak Yai
Nonthaburi,Bang Bua Thong,Lahan
Nonthaburi,Bang Bua Thong,Lam Pho
Nonthaburi,Bang Bua Thong,Phimon Rat
Nonthaburi,Bang Bua Thong,Sano Loi
Nonthaburi,Bang Kruai,Bang Khanun
Nonthaburi,Bang Kruai,Bang Khu Wiang
Nonthaburi,Bang Kruai,Bang Khun Kong
Nonthaburi,Bang Kruai,Bang Kruai
Nonthaburi,Bang Kruai,Bang Si Thong
Nonthaburi,Bang Kruai,Maha Sawat
Nonthaburi,Bang Kruai,Plai Bang
Nonthaburi,Bang Kruai,Sala Klang
Nonthaburi,Bang Kruai,Wat Chalo
Nonthaburi,Bang Yai,Ban Mai
Nonthaburi,Bang Yai,Bang Len
Nonthaburi,Bang Yai,Bang Mae Nang
Nonthaburi,Bang Yai,Bang Muang
Nonthaburi,Bang Yai,Bang Yai
Nonthaburi,Bang Yai,Sao Thong Hin
Nonthaburi,Muang Nonthaburi,Bang Khen
Nonthaburi,Muang Nonthaburi,Bang Krang
Nonthaburi,Muang Nonthaburi,Bang Kraso
Nonthaburi,Muang Nonthaburi,Bang Phai
Nonthaburi,Muang Nonthaburi,Bang Rak Noi
Nonthaburi,Muang Nonthaburi,Bang Si Muang
Nonthaburi,Muang Nonthaburi,Sai Ma
Nonthaburi,Muang Nonthaburi,Suan Yai
Nonthaburi,Muang Nonthaburi,Talat Khwan
Nonthaburi,Muang Nonthaburi,Tha Sai
Nonthaburi,Pak Kret,Ban Mai
Nonthaburi,Pak Kret,Bang Phlap
Nonthaburi,Pak Kret,Bang Phut
Nonthaburi,Pak Kret,Bang Talat
Nonthaburi,Pak Kret,Bang Tanai
Nonthaburi,Pak Kret,Khlong Khoi
Nonthaburi,Pak Kret,Khlong Kluea
Nonthaburi,Pak Kret,Khlong Phra Udom
Nonthaburi,Pak Kret,Ko Kret
Nonthaburi,Pak Kret,Om Kret
Nonthaburi,Pak Kret,Pak Kret
Nonthaburi,Pak Kret,Tha It
Nonthaburi,Sai Noi,Khlong Khwang
Nonthaburi,Sai Noi,Khun Si
Nonthaburi,Sai Noi,Nong Phrao Ngai
Nonthaburi,Sai Noi,Rat Niyom
Nonthaburi,Sai Noi,Sai Noi
Nonthaburi,Sai Noi,Sai Yai
Nonthaburi,Sai Noi,Thawi Watthana
Pathum Tani,Khlong Luang,Khlong Chet
Pathum Tani,Khlong Luang,Khlong Ha
Pathum Tani,Khlong Luang,Khlong Hok
Pathum Tani,Khlong Luang,Khlong Nueng
Pathum Tani,Khlong Luang,Khlong Sam
Pathum Tani,Khlong Luang,Khlong Si
Pathum Tani,Khlong Luang,Khlong Song
Pathum Tani,Lam Luk Ka,Bueng Kham Phroi
Pathum Tani,Lam Luk Ka,Bueng Kho Hai
Pathum Tani,Lam Luk Ka,Bueng Thong Lang
Pathum Tani,Lam Luk Ka,Khu Khot
Pathum Tani,Lam Luk Ka,Lam Luk Ka
Pathum Tani,Lam Luk Ka,Lam Sai
Pathum Tani,Lam Luk Ka,Lat Sawai
Pathum Tani,Lam Luk Ka,Phuet Udom
Pathum Tani,Lat Lum Kaeo,Bo Ngoen
Pathum Tani,Lat Lum Kaeo,Khlong Phra Udom
Pathum Tani,Lat Lum Kaeo,Khu Bang Luang
Pathum Tani,Lat Lum Kaeo,Khu Khwang
Pathum Tani,Lat Lum Kaeo,Lat Lum Kaeo
Pathum Tani,Lat Lum Kaeo,Na Mai
Pathum Tani,Lat Lum Kaeo,Rahaeng
Pathum Tani,Muang Pathum Thani,Ban Chang
Pathum Tani,Muang Pathum Thani,Ban Klang
Pathum Tani,Muang Pathum Thani,Ban Krachaeng
Pathum Tani,Muang Pathum Thani,Ban Mai
Pathum Tani,Muang Pathum Thani,Bang Duea
Pathum Tani,Muang Pathum Thani,Bang Kadi
Pathum Tani,Muang Pathum Thani,Bang Khayaeng
Pathum Tani,Muang Pathum Thani,Bang Khu Wat
Pathum Tani,Muang Pathum Thani,Bang Luang
Pathum Tani,Muang Pathum Thani,Bang Phun
Pathum Tani,Muang Pathum Thani,Bang Phut
Pathum Tani,Muang Pathum Thani,Bang Prok
Pathum Tani,Muang Pathum Thani,Lak Hok
Pathum Tani,Muang Pathum Thani,Suan Phrik Thai
Pathum Tani,Nong Suea,Bueng Ba
Pathum Tani,Nong Suea,Bueng Bon
Pathum Tani,Nong Suea,Bueng Cham O
Pathum Tani,Nong Suea,Bueng Ka Sam
Pathum Tani,Nong Suea,Nong Sam Wang
Pathum Tani,Nong Suea,Noppharat
Pathum Tani,Nong Suea,Sala Khru
Pathum Tani,Sam Khok,Ban Ngio
Pathum Tani,Sam Khok,Ban Pathum
Pathum Tani,Sam Khok,Bang Krabue
Pathum Tani,Sam Khok,Bang Pho Nuea
Pathum Tani,Sam Khok,Bang Toei
Pathum Tani,Sam Khok,Chiang Rak Noi
Pathum Tani,Sam Khok,Chiang Rak Yai
Pathum Tani,Sam Khok,Khlong Khwai
Pathum Tani,Sam Khok,Krachaeng
Pathum Tani,Sam Khok,Sam Khok
Pathum Tani,Sam Khok,Thai Ko
Pathum Tani,Thanyaburi,Bueng Nam Rak
Pathum Tani,Thanyaburi,Bueng Sanan
Pathum Tani,Thanyaburi,Bueng Yitho
Pathum Tani,Thanyaburi,Lam Phak Kut
Pathum Tani,Thanyaburi,Prachathipat
Pathum Tani,Thanyaburi,Rangsit